ID,Type,SKU,"GTIN, UPC, EAN, or ISBN",Name,Published,"Is featured?","Visibility in catalog","Short description",Description,"Date sale price starts","Date sale price ends","Tax status","Tax class","In stock?",Stock,"Low stock amount","Backorders allowed?","Sold individually?","Weight (kg)","Length (cm)","Width (cm)","Height (cm)","Allow customer reviews?","Purchase note","Sale price","Regular price",Categories,Tags,"Shipping class",Images,"Download limit","Download expiry days",Parent,"Grouped products",Upsells,Cross-sells,"External URL","Button text",Position,Brands,"Blocksy Custom Data","Blocksy Variation Images","Attribute 1 name","Attribute 1 value(s)","Attribute 1 visible","Attribute 1 global"
9266,variable,,,"Set of 2: Ruched Tank Top & Knotted Ruched Split Maxi Skirt",1,0,visible,,"<div class=""item-container"" data-v-c718d688="""">\n<div data-v-c718d688="""">Elevate your style with our <b data-path-to-node=""5"" data-index-in-node=""28"">Black Two-Piece Bodycon Set</b>, featuring a sophisticated <b data-path-to-node=""5"" data-index-in-node=""83"">mock neck crop top</b> and a matching <b data-path-to-node=""5"" data-index-in-node=""117"">midi-length skirt</b>. Designed to contour your curves, the skirt features delicate <b data-path-to-node=""5"" data-index-in-node=""197"">side ruching</b> and a daring <b data-path-to-node=""5"" data-index-in-node=""223"">thigh-high slit</b> for maximum impact. Whether you're heading to a cocktail party, a date night, or a gallery opening, this co-ord set delivers effortless elegance.</div>\n<div data-v-c718d688=""""></div>\n<div class=""item-title"" data-v-c718d688="""">Material</div>\n<ul class=""item-ul"" data-v-c718d688="""">\n 	<li class=""item-li"" data-v-c718d688="""">RIB\n<ul class=""item-ul ul-gutter"" data-v-c718d688="""">\n 	<li class=""item-li"" data-v-c718d688="""">Composition: 94% Polyester 6% spandex</li>\n</ul>\n</li>\n</ul>\n</div>\n<div class=""item-container"" data-v-c718d688="""">\n<div class=""item-title"" data-v-c718d688="""">Style Details</div>\n<ul class=""item-ul"" data-v-c718d688="""">\n 	<li class=""item-li"" data-v-c718d688="""">Fit Type: Slim</li>\n 	<li class=""item-li"" data-v-c718d688="""">Waist Line: Mid Rise</li>\n 	<li class=""item-li"" data-v-c718d688="""">Lining: Unlined</li>\n 	<li class=""item-li"" data-v-c718d688="""">Pant Leg Style: Regular</li>\n 	<li class=""item-li"" data-v-c718d688="""">Length: Regular</li>\n 	<li class=""item-li"" data-v-c718d688="""">Neckline: Mandarin Collar/Stand Collar</li>\n</ul>\n</div>\n<div class=""item-container"" data-v-c718d688="""">\n<div class=""item-title"" data-v-c718d688="""">Design Info</div>\n<ul class=""item-ul"" data-v-c718d688="""">\n 	<li class=""item-li"" data-v-c718d688="""">Occasion: Daily Casual, Exhibition, Coffee Shop</li>\n 	<li class=""item-li"" data-v-c718d688="""">Pattern Type: Solid</li>\n 	<li class=""item-li"" data-v-c718d688="""">Clothing Detail: Knotted, Ruched, Split</li>\n</ul>\n</div>",,,taxable,,1,,,0,0,,,,,0,,,,"All Clothing, Co-Ord Set, Featured, migrate, New Arrivals","Black Tank Top, Bodycon Set, Co-ord Set, Cocktail Outfit, Date Night Outfit, evening wear co-ord, Going Out Set, High Neck Crop, High Slit Skirt, High Waisted Skirt, Matching Set, Midi Skirt Set, Mock Neck Top, Party Wear, Ruched Midi Skirt, Side Slit Skirt, sleeveless crop top, two piece set",,"https://mirayfashions.com/wp-content/uploads/2026/01/new-1c.jpg, https://mirayfashions.com/wp-content/uploads/2026/01/new-1d.jpg, https://mirayfashions.com/wp-content/uploads/2026/01/new-1a.jpg, https://mirayfashions.com/wp-content/uploads/2026/01/new-1b.jpg, https://mirayfashions.com/wp-content/uploads/2026/01/new-1e.jpg",,,,,,,,,0,,,,Size,"L, M, S, XL, XS",1,1
9280,variable,,,"Boat Neck Solid Ruched Split Maxi Dress",1,0,visible,"Radiate timeless elegance in this stunning <b data-path-to-node=""13"" data-index-in-node=""43"">white sleeveless maxi dress</b>. Featuring a sophisticated <b data-path-to-node=""13"" data-index-in-node=""98"">boat neck</b> (bateau) neckline and intricate <b data-path-to-node=""13"" data-index-in-node=""140"">waist ruching</b>, this dress is crafted to highlight your silhouette with grace. The floor-length hemline is balanced by a subtle <b data-path-to-node=""13"" data-index-in-node=""267"">side slit</b>, adding a touch of contemporary flair to a classic bridal or gala-ready look. Whether you are a bride-to-be for a rehearsal dinner or attending a summer formal, this dress offers a crisp, clean, and luxurious vibe.","<div class=""item-container"" data-v-c718d688="""">\n<div class=""item-title"" data-v-c718d688="""">Material</div>\n<ul>\n 	<li style=""list-style-type: none;"">\n<ul class=""item-ul ul-gutter"" data-v-c718d688="""">\n 	<li class=""item-li"" data-v-c718d688="""">Composition: 95% Polyester 5% Elastane</li>\n</ul>\n</li>\n</ul>\n</div>\n<div class=""item-container"" data-v-c718d688="""">\n<div class=""item-title"" data-v-c718d688="""">Style Details</div>\n<ul class=""item-ul"" data-v-c718d688="""">\n 	<li class=""item-li"" data-v-c718d688="""">Fit Type: Slim</li>\n 	<li class=""item-li"" data-v-c718d688="""">Waist Line: Mid Rise</li>\n 	<li class=""item-li"" data-v-c718d688="""">Chest Pad: No Padding</li>\n 	<li class=""item-li"" data-v-c718d688="""">Lining: Unlined</li>\n 	<li class=""item-li"" data-v-c718d688="""">Length: Maxi</li>\n 	<li class=""item-li"" data-v-c718d688="""">Neckline: Boat Neck</li>\n 	<li class=""item-li"" data-v-c718d688="""">Pocket: No</li>\n</ul>\n</div>\n<div class=""item-container"" data-v-c718d688="""">\n<div class=""item-title"" data-v-c718d688="""">Design Info</div>\n<ul class=""item-ul"" data-v-c718d688="""">\n 	<li class=""item-li"" data-v-c718d688="""">Occasion: Party, Evening, Dinner Dates</li>\n 	<li class=""item-li"" data-v-c718d688="""">Pattern Type: Solid</li>\n 	<li class=""item-li"" data-v-c718d688="""">Clothing Detail: Ruched, Split</li>\n</ul>\n</div>",,,taxable,,1,,,0,0,,,,,0,,,,"All Clothing, Dress, Evening Wear, Featured, migrate, New Arrivals","Bateau Neckline, Boat Neck Dress, Bodycon Maxi, Floor Length White Dress, Ruched Waist Dress, Side Slit Dress, Sleeveless Column Dress, White Maxi Dress",,"https://mirayfashions.com/wp-content/uploads/2026/01/new-2a.jpg, https://mirayfashions.com/wp-content/uploads/2026/01/new-2c.jpg, https://mirayfashions.com/wp-content/uploads/2026/01/new-2d.jpg, https://mirayfashions.com/wp-content/uploads/2026/01/new-2b.jpg, https://mirayfashions.com/wp-content/uploads/2026/01/new-2e.jpg",,,,,,,,,0,,,,Size,"L, M, S, XL, XS",1,1
9303,variable,,,"Pack Of 2 : Solid Ruched Square Neck Crop Top",1,0,visible,"Upgrade your basics with our <b data-path-to-node=""6"" data-index-in-node=""29"">ruched square-neck tank top</b>. Featuring a trendy <b data-path-to-node=""6"" data-index-in-node=""77"">square neckline</b> and elegant <b data-path-to-node=""6"" data-index-in-node=""105"">horizontal ruching</b> across the chest, this top offers a textured, high-fashion twist on a classic silhouette. Crafted from a <b data-path-to-node=""6"" data-index-in-node=""229"">premium ribbed fabric</b>, it provides a flattering, body-hugging fit that transitions seamlessly from day to night. Available in versatile <b data-path-to-node=""6"" data-index-in-node=""365"">white and black</b>, it’s the perfect foundation piece for layering or wearing solo","<div class=""item-container"" data-v-c718d688="""">\n<div class=""item-title"" data-v-c718d688="""">Material</div>\n<ul class=""item-ul"" data-v-c718d688="""">\n 	<li class=""item-li"" data-v-c718d688="""">RIB\n<ul class=""item-ul ul-gutter"" data-v-c718d688="""">\n 	<li class=""item-li"" data-v-c718d688="""">Composition: 94% Polyester 6% spandex</li>\n</ul>\n</li>\n</ul>\n</div>\n<div class=""item-container"" data-v-c718d688="""">\n<div class=""item-title"" data-v-c718d688="""">Style Deets</div>\n<ul class=""item-ul"" data-v-c718d688="""">\n 	<li class=""item-li"" data-v-c718d688="""">Fit Type: Regular</li>\n 	<li class=""item-li"" data-v-c718d688="""">Chest Pad: No Padding</li>\n 	<li class=""item-li"" data-v-c718d688="""">Lining: Unlined</li>\n 	<li class=""item-li"" data-v-c718d688="""">Length: Crop</li>\n 	<li class=""item-li"" data-v-c718d688="""">Neckline: Square Neck</li>\n</ul>\n</div>\n<div class=""item-container"" data-v-c718d688="""">\n<div class=""item-title"" data-v-c718d688="""">Design Info</div>\n<ul class=""item-ul"" data-v-c718d688="""">\n 	<li class=""item-li"" data-v-c718d688="""">Occasion: School, Daily Casual, Picnic, Coffee Shop</li>\n 	<li class=""item-li"" data-v-c718d688="""">Pattern Type: Solid</li>\n 	<li class=""item-li"" data-v-c718d688="""">Clothing Detail: Ruched</li>\n</ul>\n</div>",,,taxable,,1,,,0,0,,,,,0,,,,"All Clothing, Combo, Top > Crop Top, Featured, migrate, New Arrivals, Top","Black Ribbed Tank, Capsule Wardrobe Essentials, Fitted Tank White, Minimalist Basics, Ribbed Crop Top, Ruched Tank Top, Sleeveless Ruched Top, Square Neck Ribbed Top, Square Neck Tank",,"https://mirayfashions.com/wp-content/uploads/2026/01/new-3a.jpg, https://mirayfashions.com/wp-content/uploads/2026/01/new-3e.jpg, https://mirayfashions.com/wp-content/uploads/2026/01/new-3b.jpg, https://mirayfashions.com/wp-content/uploads/2026/01/new-3c.jpg, https://mirayfashions.com/wp-content/uploads/2026/01/new-3d.jpg",,,,,,,,,0,,,,Size,"L, M, S, XL, XS",1,1
9310,variable,,,"Women's Off-Shoulder Asymmetrical Ribbed Top - Elegant Cream Side-Tie Blouse",1,0,visible,"Elevate your wardrobe with this stunning <b data-path-to-node=""6"" data-index-in-node=""41"">off-shoulder ribbed top</b> in a classic cream hue. Featuring a chic <b data-path-to-node=""6"" data-index-in-node=""106"">asymmetrical hem</b> and a delicate <b data-path-to-node=""6"" data-index-in-node=""138"">side-tie detail</b>, this fitted blouse offers a perfect blend of modern style and feminine elegance. Crafted from soft, stretchy ribbed fabric, it’s the ideal piece for date nights or sophisticated casual outings","<h3 data-path-to-node=""9""><b data-path-to-node=""9"" data-index-in-node=""0"">Effortless Elegance Meets Modern Design</b></h3>\n<p data-path-to-node=""10"">Make a statement with our <b data-path-to-node=""10"" data-index-in-node=""26"">Cream Off-Shoulder Asymmetrical Top</b>, designed for the woman who loves contemporary fashion with a timeless twist. This top is engineered to highlight the neckline and shoulders, providing a flattering silhouette for any body type.</p>\n\n<h3 data-path-to-node=""11""><b data-path-to-node=""11"" data-index-in-node=""0"">Key Features:</b></h3>\n<ul data-path-to-node=""12"">\n 	<li>\n<p data-path-to-node=""12,0,0""><b data-path-to-node=""12,0,0"" data-index-in-node=""0"">Unique Asymmetrical Cut:</b> The diagonal hemline and side-slit detail create a dynamic look that pairs perfectly with high-waisted denim or tailored trousers.</p>\n</li>\n 	<li>\n<p data-path-to-node=""12,1,0""><b data-path-to-node=""12,1,0"" data-index-in-node=""0"">Premium Ribbed Texture:</b> Made from high-quality, breathable ribbed knit fabric that provides a snug yet comfortable stretch.</p>\n</li>\n 	<li>\n<p data-path-to-node=""12,2,0""><b data-path-to-node=""12,2,0"" data-index-in-node=""0"">Versatile Side-Tie:</b> The adjustable side-tie adds a touch of texture and allows you to customize the fit around the hip.</p>\n</li>\n 	<li>\n<p data-path-to-node=""12,3,0""><b data-path-to-node=""12,3,0"" data-index-in-node=""0"">Sophisticated Color:</b> The off-white/cream palette makes it a versatile staple for any season, easily layered under a blazer or worn solo.</p>\n</li>\n</ul>\n<h3 data-path-to-node=""13""><b data-path-to-node=""13"" data-index-in-node=""0"">Style Tip:</b></h3>\n<p data-path-to-node=""14"">Pair this top with light-wash skinny jeans and gold hoop earrings for a polished ""clean girl"" aesthetic, or dress it up with a midi skirt and strappy heels for an evening event.</p>",,,taxable,,1,,,0,0,,,,,0,,,,"All Clothing, Featured, migrate, New Arrivals, Top","asymmetrical hem top, asymmetrical streetwear, boat neck blouse, chic cream apparel, cream fitted top, cream off-shoulder shirt, cream ribbed blouse, feminine date night top, minimalist fashion, off-shoulder top, ribbed knit fashion, side tie blouse, summer tops for women, women's elegant tops",,"https://mirayfashions.com/wp-content/uploads/2026/01/1750046274000-NrxNEt.jpg, https://mirayfashions.com/wp-content/uploads/2026/01/back.jpg, https://mirayfashions.com/wp-content/uploads/2026/01/1756453033000-em2mk8.jpg, https://mirayfashions.com/wp-content/uploads/2026/01/1744892973000-ptJXCh.jpg, https://mirayfashions.com/wp-content/uploads/2026/01/1744892973000-yAMSdw.jpg",,,,,,,,,0,,,,Size,"L, M, S, XL, XS",1,1
9329,variable,,,"Pack Of 2: Round Neck Solid Ruched Crop Tank Top",1,0,visible,"Elevate your everyday rotation with this <b data-path-to-node=""6"" data-index-in-node=""41"">mock-neck sleeveless crop top</b>. Combining a sophisticated high neckline with modern <b data-path-to-node=""6"" data-index-in-node=""124"">side ruching</b> at the waist, this top creates a sculpted silhouette that pairs perfectly with high-waisted denim or matching skirts. The <b data-path-to-node=""6"" data-index-in-node=""259"">ribbed texture</b> and sleeveless design make it an ideal layering piece for any season. Available in classic <b data-path-to-node=""6"" data-index-in-node=""365"">black and crisp white</b>, it is the ultimate ""clean girl"" staple for your wardrobe","<div class=""item-container"" data-v-c718d688="""">\n<div class=""item-title"" data-v-c718d688="""">Material</div>\n<ul class=""item-ul"" data-v-c718d688="""">\n 	<li class=""item-li"" data-v-c718d688="""">RIB\n<ul class=""item-ul ul-gutter"" data-v-c718d688="""">\n 	<li class=""item-li"" data-v-c718d688="""">Composition: 93% rayon 7% spandex</li>\n</ul>\n</li>\n</ul>\n</div>\n<div class=""item-container"" data-v-c718d688="""">\n<div class=""item-title"" data-v-c718d688="""">Style Details</div>\n<ul class=""item-ul"" data-v-c718d688="""">\n 	<li class=""item-li"" data-v-c718d688="""">Fit Type: Regular</li>\n 	<li class=""item-li"" data-v-c718d688="""">Chest Pad: No Padding</li>\n 	<li class=""item-li"" data-v-c718d688="""">Lining: Unlined</li>\n 	<li class=""item-li"" data-v-c718d688="""">Length: Crop</li>\n 	<li class=""item-li"" data-v-c718d688="""">Neckline: Round Neckline</li>\n</ul>\n</div>\n<div class=""item-container"" data-v-c718d688="""">\n<div class=""item-title"" data-v-c718d688="""">Design Info</div>\n<ul class=""item-ul"" data-v-c718d688="""">\n 	<li class=""item-li"" data-v-c718d688="""">Occasion: Daily Casual</li>\n 	<li class=""item-li"" data-v-c718d688="""">Pattern Type: Solid</li>\n 	<li class=""item-li"" data-v-c718d688="""">Clothing Detail: Ruched</li>\n</ul>\n</div>",,,taxable,,1,,,0,0,,,,,0,,,,"All Clothing, Combo, Featured, migrate, New Arrivals, Top","High Neck Tank, Mock Neck Crop Top, Ribbed High Neck Tank, Ruched Side Top, Sleeveless Bodycon Top",,"https://mirayfashions.com/wp-content/uploads/2026/01/new-4a.jpg, https://mirayfashions.com/wp-content/uploads/2026/01/new-4b.jpg, https://mirayfashions.com/wp-content/uploads/2026/01/new-4c.jpg, https://mirayfashions.com/wp-content/uploads/2026/01/new-4d.jpg",,,,,,,,,0,,,,Size,"L, M, S, XL, XS",1,1
9352,variable,,,"Women’s Black Sweetheart Neck Ruched Front Crop Top - Chic Cap Sleeve Slim Fit Tee",1,0,visible,"Define your silhouette with this essential <b data-path-to-node=""6"" data-index-in-node=""43"">black sweetheart neck top</b>. Featuring a delicate <b data-path-to-node=""6"" data-index-in-node=""91"">ruched bust detail</b> and flattering <b data-path-to-node=""6"" data-index-in-node=""125"">cap sleeves</b>, this slim-fit blouse combines romantic vintage vibes with modern street style. Crafted from soft, high-stretch fabric, it is the perfect ""go-to"" piece for effortless day-to-night transitions.","<h3 data-path-to-node=""9""><b data-path-to-node=""9"" data-index-in-node=""0"">Romantic Charm Meets Everyday Comfort</b></h3>\n<p data-path-to-node=""10"">Add a touch of feminine flair to your wardrobe with our <b data-path-to-node=""10"" data-index-in-node=""56"">Black Ruched Sweetheart Top</b>. This versatile piece is designed to accentuate your neckline while providing a sleek, body-hugging fit that feels like a second skin.</p>\n\n<h3 data-path-to-node=""11""><b data-path-to-node=""11"" data-index-in-node=""0"">Key Features:</b></h3>\n<ul data-path-to-node=""12"">\n 	<li>\n<p data-path-to-node=""12,0,0""><b data-path-to-node=""12,0,0"" data-index-in-node=""0"">Elegant Sweetheart Neckline:</b> A classic, romantic cut that frames the collarbone and enhances the bust area.</p>\n</li>\n 	<li>\n<p data-path-to-node=""12,1,0""><b data-path-to-node=""12,1,0"" data-index-in-node=""0"">Center Ruching Detail:</b> The gathered front adds texture and visual interest, creating a modern, sophisticated look.</p>\n</li>\n 	<li>\n<p data-path-to-node=""12,2,0""><b data-path-to-node=""12,2,0"" data-index-in-node=""0"">Petite Cap Sleeves:</b> Offers a subtle, structured shoulder that provides more coverage than a tank but remains cool and breezy.</p>\n</li>\n 	<li>\n<p data-path-to-node=""12,3,0""><b data-path-to-node=""12,3,0"" data-index-in-node=""0"">Versatile Slim Fit:</b> The cropped-to-waist length makes it an ideal match for high-waisted jeans, skirts, or layering under a leather jacket.</p>\n</li>\n 	<li>\n<p data-path-to-node=""12,4,0""><b data-path-to-node=""12,4,0"" data-index-in-node=""0"">Premium Stretch Fabric:</b> Made from a soft, breathable jersey blend that retains its shape wash after wash.</p>\n</li>\n</ul>\n<h3 data-path-to-node=""13""><b data-path-to-node=""13"" data-index-in-node=""0"">Style Tip:</b></h3>\n<p data-path-to-node=""14"">For a classic casual look, pair this top with <b data-path-to-node=""14"" data-index-in-node=""46"">high-rise light wash denim</b> and gold jewelry as shown. To dress it up for an evening out, swap the jeans for a satin slip skirt and pointed-toe heels.</p>",,,taxable,,1,,,0,0,,,,,0,,,,"All Clothing, Top > Crop Top, Featured, migrate, New Arrivals, Top","black aesthetic top, black ruched blouse, cap sleeve crop top, chic summer top, feminine basic tee, fitted jersey blouse, gathered front top, milkmaid style top, romantic style blouse, sweetheart neck top, sweetheart neckline shirt, versatile black top, women's slim fit tee, Y2K inspired fashion",,"https://mirayfashions.com/wp-content/uploads/2026/01/17467877568dfc45fcd9ec5b6be08f685546e1c5e4.webp, https://mirayfashions.com/wp-content/uploads/2026/01/1746787758c347c8336415eed6ef7eec8d3af4bf6a-1.webp, https://mirayfashions.com/wp-content/uploads/2026/01/1746787758c347c8336415eed6ef7eec8d3af4bf6a.webp, https://mirayfashions.com/wp-content/uploads/2026/01/1746787763cfe90b825c87fbe3eec20930572914ba.jpg, https://mirayfashions.com/wp-content/uploads/2026/01/1746787765b98bba7c343b89c6dfe412839fd074c5.jpg",,,,,,,,,0,,,,Size,"L, M, S, XL, XS",1,1
9360,variable,,,"Black Sleeveless Bow Tie Shoulder Tank Top",1,0,visible,"<p data-path-to-node=""6"">Whether you're dressing for a summer brunch, a chic office layer, or a night out, the sleek black fabric provides a flattering, polished look. The tailored fit contours the body without sacrificing comfort, making it your new go-to for <b data-path-to-node=""6"" data-index-in-node=""236"">""jeans and a nice top""</b> days.</p>\n\n<h2 data-path-to-node=""17""><b data-path-to-node=""17"" data-index-in-node=""0"">Styling Tip</b></h2>\n<blockquote data-path-to-node=""18"">\n<p data-path-to-node=""18,0"">""For a sophisticated daytime look, pair this top with light-wash straight-leg jeans and gold jewelry. Transition to evening by tucking it into a silk skirt with strappy heels.</p>\n<p data-path-to-node=""18,0""><b data-path-to-node=""11"" data-index-in-node=""0"">Specifications &amp; Care</b></p>\n</blockquote>\n<ul data-path-to-node=""12"">\n 	<li>\n<p data-path-to-node=""12,0,0""><b data-path-to-node=""12,0,0"" data-index-in-node=""0"">Material:</b> 95% Polyester, 5% Spandex.</p>\n</li>\n 	<li>\n<p data-path-to-node=""12,1,0""><b data-path-to-node=""12,1,0"" data-index-in-node=""0"">Fit:</b> Slim/Tailored fit.</p>\n</li>\n 	<li>\n<p data-path-to-node=""12,3,0""><b data-path-to-node=""12,3,0"" data-index-in-node=""0"">Care Instructions:</b> Machine wash cold on a gentle cycle; hang dry to maintain the bow structure.</p>\n</li>\n 	<li><b data-path-to-node=""9,4,0"" data-index-in-node=""0"">Color:</b> Deep, true black that resists fading.</li>\n</ul>","<p data-path-to-node=""6""><b data-path-to-node=""5"" data-index-in-node=""0"">Effortless Elegance Meets Playful Detail</b> Elevate your wardrobe with our <b data-path-to-node=""5"" data-index-in-node=""72"">Black Bow Strap Top</b>, a versatile essential designed for the modern woman. Crafted with a sophisticated <b data-path-to-node=""5"" data-index-in-node=""175"">square neckline</b> and structured silhouette, this top features oversized, <b data-path-to-node=""5"" data-index-in-node=""247"">adjustable bow shoulder ties</b> that add a feminine, romantic touch to any outfit.</p>",,,taxable,,1,,,0,0,,,,,0,,,,"All Clothing, Featured, migrate, New Arrivals, Top",,,"https://mirayfashions.com/wp-content/uploads/2026/01/new-19b.jpg, https://mirayfashions.com/wp-content/uploads/2026/01/new-19a.jpg, https://mirayfashions.com/wp-content/uploads/2026/01/new-19c.jpg, https://mirayfashions.com/wp-content/uploads/2026/01/new-19d.jpg",,,,,,,,,0,,,,Size,"L, M, S, XL, XS",1,1
9407,variable,,,"Midnight Navy Ruched Bodycon Maxi Dress",1,0,visible,"Elevate your evening wardrobe with this stunning midnight navy maxi dress. Designed to contour and celebrate the silhouette, this gown features intricate horizontal ruching across the bodice and a graceful mermaid flare at the hem. Whether it’s a black-tie gala, a wedding reception, or a sophisticated cocktail party, this dress ensures a timeless, head-turning look.","<span data-path-to-node=""11,1,0,0""><b data-path-to-node=""11,1,0,0"" data-index-in-node=""0"">Material: </b></span><span data-path-to-node=""11,1,1,0"">High-stretch spandex blend</span>\n\n<span data-path-to-node=""11,2,0,0""><b data-path-to-node=""11,2,0,0"" data-index-in-node=""0"">Closure: </b></span><span data-path-to-node=""11,2,1,0"">Hidden back zipper (typically)</span>\n\n<span data-path-to-node=""11,3,0,0""><b data-path-to-node=""11,3,0,0"" data-index-in-node=""0"">Care Instructions: </b></span><span data-path-to-node=""11,3,1,0"">Hand wash cold or dry clean recommended</span>\n\n<span data-path-to-node=""11,4,0,0""><b data-path-to-node=""11,4,0,0"" data-index-in-node=""0"">Occasion:</b></span><span data-path-to-node=""11,4,1,0"">Prom, Bridesmaid, Gala, Formal Dinner</span>\n\n&nbsp;\n<h3 data-path-to-node=""13""><b data-path-to-node=""13"" data-index-in-node=""0"">Style Tips</b></h3>\n<blockquote data-path-to-node=""14"">\n<p data-path-to-node=""14,0""><b data-path-to-node=""14,0"" data-index-in-node=""0"">For a Glamorous Finish:</b> Pair this dress with silver or diamond drop earrings and metallic strappy heels to contrast the deep navy hue.</p>\n<p data-path-to-node=""14,1""><b data-path-to-node=""14,1"" data-index-in-node=""0"">For a Modern Look:</b> Add a sleek bun and a bold red lip to emphasize the clean lines of the spaghetti straps and neckline.</p>\n</blockquote>",,,taxable,,1,,,0,0,,,,,0,,,,"All Clothing, Dress, Evening Wear, Featured, migrate, New Arrivals, Party Wear","bodycon gala dress, flattering ruched formal wear, mermaid hem formal dress, midnight blue wedding guest dress, Navy blue evening gown, ruched maxi dress, spaghetti strap prom dress",,"https://mirayfashions.com/wp-content/uploads/2026/01/new-18a.jpg, https://mirayfashions.com/wp-content/uploads/2026/01/new-18b.jpg, https://mirayfashions.com/wp-content/uploads/2026/01/new-18c.jpg",,,,,,,,,0,,,,Size,"L, M, S, XL, XS",1,1
9409,variable,,,"Black Ruched Bodycon Maxi Dress",1,0,visible,"Elevate your evening wardrobe with this stunning black maxi dress. Designed to contour and celebrate the silhouette, this gown features intricate horizontal ruching across the bodice and a graceful mermaid flare at the hem. Whether it’s a black-tie gala, a wedding reception, or a sophisticated cocktail party, this dress ensures a timeless, head-turning look","<h3 data-path-to-node=""7""><b data-path-to-node=""7"" data-index-in-node=""0"">Key Features</b></h3>\n<ul data-path-to-node=""8"">\n 	<li>\n<p data-path-to-node=""8,0,0""><b data-path-to-node=""8,0,0"" data-index-in-node=""0"">Color:</b> Black.</p>\n</li>\n 	<li>\n<p data-path-to-node=""8,1,0""><b data-path-to-node=""8,1,0"" data-index-in-node=""0"">Silhouette:</b> Bodycon fit through the torso with a flared <b data-path-to-node=""8,1,0"" data-index-in-node=""56"">mermaid/fishtail hem</b>.</p>\n</li>\n 	<li>\n<p data-path-to-node=""8,2,0""><b data-path-to-node=""8,2,0"" data-index-in-node=""0"">Neckline:</b> Elegant <b data-path-to-node=""8,2,0"" data-index-in-node=""18"">cowl-neck</b> inspiration with slim, adjustable spaghetti straps.</p>\n</li>\n 	<li>\n<p data-path-to-node=""8,3,0""><b data-path-to-node=""8,3,0"" data-index-in-node=""0"">Detailing:</b> Extensive <b data-path-to-node=""8,3,0"" data-index-in-node=""21"">horizontal ruching</b> from the bust to the hips for a flattering, camouflaging effect.</p>\n</li>\n 	<li>\n<p data-path-to-node=""8,4,0""><b data-path-to-node=""8,4,0"" data-index-in-node=""0"">Length:</b> Full-length maxi.</p>\n</li>\n 	<li>\n<p data-path-to-node=""8,5,0""><b data-path-to-node=""8,5,0"" data-index-in-node=""0"">Fabric:</b> Premium stretch jersey or spandex blend for a comfortable, flexible fit.</p>\n</li>\n</ul>",,,taxable,,1,,,0,0,,,,,0,,,,"All Clothing, Dress, Evening Wear, Featured, migrate, New Arrivals, Party Wear","black, black dress, bodycon gala dress, flattering ruched formal wear, mermaid hem formal dress, midnight blue wedding guest dress, Navy blue evening gown, ruched maxi dress, spaghetti strap prom dress",,"https://mirayfashions.com/wp-content/uploads/2026/01/new-17a.jpg, https://mirayfashions.com/wp-content/uploads/2026/01/new-17b.jpg, https://mirayfashions.com/wp-content/uploads/2026/01/new-17c.jpg",,,,,,,,,0,,,,Size,"L, M, S, XL, XS",1,1
9411,variable,,,"Pink Rose Print Square Neck Maxi Dress",1,0,visible,"<p data-path-to-node=""2"">Step into a world of romance with our <b data-path-to-node=""2"" data-index-in-node=""38"">Enchanted Rose Maxi Dress</b>. This stunning piece blends vintage charm with a modern, body-sculpting silhouette. Featuring a delicate, distressed rose floral print set against a soft cream backdrop, this dress is designed to make an unforgettable impression at your next special event.</p>\n<p data-path-to-node=""3"">The structured <b data-path-to-node=""3"" data-index-in-node=""15"">square neckline</b> offers a timeless elegance, while the wide, supportive straps ensure all-day comfort. To enhance your natural curves, we’ve added subtle <b data-path-to-node=""3"" data-index-in-node=""168"">ruched detailing</b> across the midsection, creating a flattering, cinched-in effect that flows effortlessly into a sleek column skirt.</p>\n<p data-path-to-node=""5,5,0""></p>","<h3 data-path-to-node=""6""><b data-path-to-node=""6"" data-index-in-node=""0"">Styling Suggestions</b></h3>\n<ul data-path-to-node=""7"">\n 	<li>\n<p data-path-to-node=""7,0,0""><b data-path-to-node=""7,0,0"" data-index-in-node=""0"">Occasions:</b> Ideal for wedding guests, brunch, date nights, or spring/summer vacations.</p>\n</li>\n 	<li>\n<p data-path-to-node=""7,1,0""><b data-path-to-node=""7,1,0"" data-index-in-node=""0"">Accessories:</b> Pair with a <b data-path-to-node=""7,1,0"" data-index-in-node=""25"">white quilted chain-strap handbag</b> and clear or white minimalist sandals (as shown in the image).</p>\n</li>\n 	<li>\n<p data-path-to-node=""7,2,0""><b data-path-to-node=""7,2,0"" data-index-in-node=""0"">Jewelry:</b> Complement the square neck with a dainty gold pendant necklace and gold hoop earrings.</p>\n</li>\n</ul>\n<h3 data-path-to-node=""4""><b data-path-to-node=""4"" data-index-in-node=""0"">Key Features</b></h3>\n<ul data-path-to-node=""5"">\n 	<li>\n<p data-path-to-node=""5,0,0""><b data-path-to-node=""5,0,0"" data-index-in-node=""0"">Neckline:</b> Classic <b data-path-to-node=""5,0,0"" data-index-in-node=""18"">square neckline</b> for a sophisticated, structured look.</p>\n</li>\n 	<li>\n<p data-path-to-node=""5,1,0""><b data-path-to-node=""5,1,0"" data-index-in-node=""0"">Sleeves:</b> Sleeveless</p>\n</li>\n 	<li>\n<p data-path-to-node=""5,2,0""><b data-path-to-node=""5,2,0"" data-index-in-node=""0"">Waistline:</b> Subtle <b data-path-to-node=""5,2,0"" data-index-in-node=""18"">ruched detailing</b> at the midsection to provide a flattering, cinched-in effect.</p>\n</li>\n 	<li>\n<p data-path-to-node=""5,3,0""><b data-path-to-node=""5,3,0"" data-index-in-node=""0"">Fabric:</b> Lightweight, breathable material (spandex blend ) with a slight stretch for comfort.</p>\n</li>\n 	<li>\n<p data-path-to-node=""5,4,0""><b data-path-to-node=""5,4,0"" data-index-in-node=""0"">Length:</b> Full <b data-path-to-node=""5,4,0"" data-index-in-node=""13"">maxi length</b> that reaches the ankles.</p>\n</li>\n 	<li>\n<p data-path-to-node=""5,5,0""><b data-path-to-node=""5,5,0"" data-index-in-node=""0"">Print:</b> All-over <b data-path-to-node=""5,5,0"" data-index-in-node=""16"">distressed rose floral pattern</b> in shades of blush and dusty pink on a white base.</p>\n</li>\n</ul>",,,taxable,,1,,,0,0,,,,,0,,,,"All Clothing, Dress, Evening Wear, Featured, migrate, New Arrivals, Party Wear","Ankle Length, birthday dress, Blush, Bodycon Dresses, Column Dresses, cream, Dresses, evening wear, Fitted Silhouette, Floral Dresses, Maxi Dresses, party dress, Pink, pink cut-out dress, Rose Print, Ruched Waist, Sleeveless, Slim Fit, Square Neck, Summer Dresses, Vintage Floral, Wide Straps, Women's Clothing",,"https://mirayfashions.com/wp-content/uploads/2026/01/new-16a.jpg, https://mirayfashions.com/wp-content/uploads/2026/01/new-16b.jpg, https://mirayfashions.com/wp-content/uploads/2026/01/new-16c.jpg",,,,,,,,,0,,,,Size,"L, M, S, XL, XS",1,1
9413,variable,,,"The Midnight Muse Ruched Maxi Dress",1,0,visible,"<p data-path-to-node=""8"">Designed to celebrate your curves, the <b data-path-to-node=""8"" data-index-in-node=""39"">Midnight Muse Maxi</b> combines a timeless silhouette with modern, figure-sculpting details. Crafted from a premium, high-stretch fabric that feels like a second skin, this dress offers a sleek, liquid-like finish that catches the light in all the right places.</p>\n<p data-path-to-node=""9"">The delicate <b data-path-to-node=""9"" data-index-in-node=""13"">cowl neckline</b> adds a touch of romanticism, while the <b data-path-to-node=""9"" data-index-in-node=""66"">strategic side-waist ruching</b> provides a natural ""cinched"" effect, contouring the waist and smoothing the hips. Whether you’re attending a black-tie wedding or a high-profile gala, this dress is your ultimate power piece.</p>\n<p data-path-to-node=""10""><b data-path-to-node=""10"" data-index-in-node=""0"">Why You’ll Love It:</b></p>\n\n<ul data-path-to-node=""11"">\n 	<li>\n<p data-path-to-node=""11,0,0""><b data-path-to-node=""11,0,0"" data-index-in-node=""0"">Body-Sculpting Fit:</b> Side-pleating creates an instant hourglass silhouette.</p>\n</li>\n 	<li>\n<p data-path-to-node=""11,1,0""><b data-path-to-node=""11,1,0"" data-index-in-node=""0"">Refined Detail:</b> Elegant cowl neck and dainty spaghetti straps for a minimalist, 90s-inspired look.</p>\n</li>\n 	<li>\n<p data-path-to-node=""11,2,0""><b data-path-to-node=""11,2,0"" data-index-in-node=""0"">Maximum Comfort:</b> Ultra-soft, breathable stretch fabric allows for easy movement all night long.</p>\n</li>\n 	<li>\n<p data-path-to-node=""11,3,0""><b data-path-to-node=""11,3,0"" data-index-in-node=""0"">Versatile Styling:</b> Pairs perfectly with gold statement jewelry (as pictured) or simple silver drops for a classic look.</p>\n</li>\n</ul>","<h3 data-path-to-node=""2"">Product Specifications</h3>\n<ul data-path-to-node=""3"">\n 	<li>\n<p data-path-to-node=""3,0,0""><b data-path-to-node=""3,0,0"" data-index-in-node=""0"">Silhouette:</b> Floor-length Maxi / Column dress.</p>\n</li>\n 	<li>\n<p data-path-to-node=""3,1,0""><b data-path-to-node=""3,1,0"" data-index-in-node=""0"">Neckline:</b> Cowl neck with delicate spaghetti straps.</p>\n</li>\n 	<li>\n<p data-path-to-node=""3,2,0""><b data-path-to-node=""3,2,0"" data-index-in-node=""0"">Fabric:</b> Premium stretch interlock spandex  (likely a high-sheen, smooth finish).</p>\n</li>\n 	<li>\n<p data-path-to-node=""3,3,0""><b data-path-to-node=""3,3,0"" data-index-in-node=""0"">Details:</b> Lateral side-waist ruching (creates an hourglass effect), seamless hem.</p>\n</li>\n 	<li>\n<p data-path-to-node=""3,4,0""><b data-path-to-node=""3,4,0"" data-index-in-node=""0"">Color:</b> Midnight Black.</p>\n</li>\n 	<li>\n<p data-path-to-node=""3,5,0""><b data-path-to-node=""3,5,0"" data-index-in-node=""0"">Occasion:</b> Formal events, weddings, red carpet, or sophisticated date nights.</p>\n\n<h3 data-path-to-node=""13""><b data-path-to-node=""13"" data-index-in-node=""0"">Styling Tip</b></h3>\n<p data-path-to-node=""14"">Keep it bold. Pair with chunky gold floral accessories and a sleek updo to highlight the neckline and shoulders. Finish the look with minimalist strappy heels to maintain the long, lean line of the column skirt.</p>\n\n<h3 data-path-to-node=""16""><b data-path-to-node=""16"" data-index-in-node=""0"">Care &amp; Composition</b></h3>\n<ul data-path-to-node=""17"">\n 	<li>\n<p data-path-to-node=""17,0,0"">95% Polyester, 5% Spandex (for that perfect stretch).</p>\n</li>\n 	<li>\n<p data-path-to-node=""17,1,0"">Hand wash cold; Lay flat to dry.</p>\n</li>\n 	<li>\n<p data-path-to-node=""17,2,0"">Model is 5'9"" wearing a size Small.</p>\n</li>\n</ul>\n</li>\n</ul>",,,taxable,,1,,,0,0,,,,,0,,,,"All Clothing, Dress, Evening Wear, Featured, migrate, New Arrivals, Party Wear","Black Gown, Black Tie, bodycon, Column Gown, Cowl Neck, evening-gown, Floor Length, Formal Dress, Hourglass, maxi-dress, Minimalist, ruched, Sleeveless, Wedding Guest",,"https://mirayfashions.com/wp-content/uploads/2026/01/new-14a.jpg, https://mirayfashions.com/wp-content/uploads/2026/01/new-14b.jpg, https://mirayfashions.com/wp-content/uploads/2026/01/new-14c.jpg",,,,,,,,,0,,,,Size,"L, M, S, XL, XS",1,1
9415,variable,,,"Pearl White Ruched Maxi Dress",1,0,visible,"<p data-path-to-node=""8"">Designed to celebrate your curves, the <strong>Pearl White</strong><b data-path-to-node=""8"" data-index-in-node=""39""> Maxi</b> combines a timeless silhouette with modern, figure-sculpting details. Crafted from a premium, high-stretch fabric that feels like a second skin, this dress offers a sleek, liquid-like finish that catches the light in all the right places.</p>\n<p data-path-to-node=""9"">The delicate <b data-path-to-node=""9"" data-index-in-node=""13"">cowl neckline</b> adds a touch of romanticism, while the <b data-path-to-node=""9"" data-index-in-node=""66"">strategic side-waist ruching</b> provides a natural ""cinched"" effect, contouring the waist and smoothing the hips. Whether you’re attending a wedding or a high-profile gala, this dress is your ultimate power piece.</p>\n<p data-path-to-node=""10""><b data-path-to-node=""10"" data-index-in-node=""0"">Why You’ll Love It:</b></p>\n\n<ul data-path-to-node=""11"">\n 	<li>\n<p data-path-to-node=""11,0,0""><b data-path-to-node=""11,0,0"" data-index-in-node=""0"">Body-Sculpting Fit:</b> Side-pleating creates an instant hourglass silhouette.</p>\n</li>\n 	<li>\n<p data-path-to-node=""11,1,0""><b data-path-to-node=""11,1,0"" data-index-in-node=""0"">Refined Detail:</b> Elegant cowl neck and dainty spaghetti straps for a minimalist, 90s-inspired look.</p>\n</li>\n 	<li>\n<p data-path-to-node=""11,2,0""><b data-path-to-node=""11,2,0"" data-index-in-node=""0"">Maximum Comfort:</b> Ultra-soft, breathable stretch fabric allows for easy movement all night long.</p>\n</li>\n 	<li>\n<p data-path-to-node=""11,3,0""><b data-path-to-node=""11,3,0"" data-index-in-node=""0"">Versatile Styling:</b> Pairs perfectly with gold statement jewelry (as pictured) or simple silver drops for a classic look.</p>\n</li>\n</ul>","<h3 data-path-to-node=""2"">Product Specifications</h3>\n<ul data-path-to-node=""3"">\n 	<li>\n<p data-path-to-node=""3,0,0""><b data-path-to-node=""3,0,0"" data-index-in-node=""0"">Silhouette:</b> Floor-length Maxi / Column dress.</p>\n</li>\n 	<li>\n<p data-path-to-node=""3,1,0""><b data-path-to-node=""3,1,0"" data-index-in-node=""0"">Neckline:</b> Cowl neck with delicate spaghetti straps.</p>\n</li>\n 	<li>\n<p data-path-to-node=""3,2,0""><b data-path-to-node=""3,2,0"" data-index-in-node=""0"">Fabric:</b> Premium stretch interlock spandex  (likely a high-sheen, smooth finish).</p>\n</li>\n 	<li>\n<p data-path-to-node=""3,3,0""><b data-path-to-node=""3,3,0"" data-index-in-node=""0"">Details:</b> Lateral side-waist ruching (creates an hourglass effect), seamless hem.</p>\n</li>\n 	<li>\n<p data-path-to-node=""3,4,0""><b data-path-to-node=""3,4,0"" data-index-in-node=""0"">Color:</b> Pearl White.</p>\n</li>\n 	<li>\n<p data-path-to-node=""3,5,0""><b data-path-to-node=""3,5,0"" data-index-in-node=""0"">Occasion:</b> Formal events, weddings, red carpet, or sophisticated date nights.</p>\n\n<h3 data-path-to-node=""13""><b data-path-to-node=""13"" data-index-in-node=""0"">Styling Tip</b></h3>\n<p data-path-to-node=""14"">Keep it bold. Pair with chunky gold floral accessories and a sleek updo to highlight the neckline and shoulders. Finish the look with minimalist strappy heels to maintain the long, lean line of the column skirt.</p>\n\n<h3 data-path-to-node=""16""><b data-path-to-node=""16"" data-index-in-node=""0"">Care &amp; Composition</b></h3>\n<ul data-path-to-node=""17"">\n 	<li>\n<p data-path-to-node=""17,0,0"">95% Polyester, 5% Spandex (for that perfect stretch).</p>\n</li>\n 	<li>\n<p data-path-to-node=""17,1,0"">Hand wash cold; Lay flat to dry.</p>\n</li>\n 	<li>\n<p data-path-to-node=""17,2,0"">Model is 5'9"" wearing a size Small.</p>\n</li>\n</ul>\n</li>\n</ul>",,,taxable,,1,,,0,0,,,,,0,,,,"All Clothing, Dress, Evening Wear, Featured, migrate, New Arrivals, Party Wear","All White Affair., Bridal Shower, Column Dress, Cowl Neck, Engagement Dress, Formal White Dress, Minimalist Bride, Rehearsal Dinner, ruched, Summer Wedding, White Gown, White Maxi Dress",,"https://mirayfashions.com/wp-content/uploads/2026/01/new-13a.jpg, https://mirayfashions.com/wp-content/uploads/2026/01/new-13c.jpg, https://mirayfashions.com/wp-content/uploads/2026/01/new-13b.jpg",,,,,,,,,0,,,,Size,"L, M, S, XL, XS",1,1
9417,variable,,,"Long-Sleeve Black Top With Contrast White Oversized Bow",1,0,visible,"<p data-path-to-node=""7"">Elevate your ""going-out"" wardrobe with this stunning <b data-path-to-node=""7"" data-index-in-node=""53"">long-sleeve black top</b>, designed for the woman who loves a subtle front and a dramatic exit. This top features a sophisticated round neckline and a form-fitting silhouette that flows into a trendy <b data-path-to-node=""7"" data-index-in-node=""249"">split hem</b> for added movement.</p>\n<p data-path-to-node=""8"">The centerpiece? A striking <b data-path-to-node=""8"" data-index-in-node=""28"">contrast white oversized bow</b> on an open-back design, offering a perfect blend of feminine charm and modern edge. Whether paired with leather trousers for a night out or tailored jeans for a dinner date, this <b data-path-to-node=""8"" data-index-in-node=""236"">bow-back top</b> is your new seasonal staple.</p>","<h3 data-path-to-node=""9""><b data-path-to-node=""9"" data-index-in-node=""0"">Key Features</b></h3>\n<ul data-path-to-node=""10"">\n 	<li>\n<p data-path-to-node=""10,0,0""><b data-path-to-node=""10,0,0"" data-index-in-node=""0"">Design:</b> Long sleeves with a classic crew/round neckline.</p>\n</li>\n 	<li>\n<p data-path-to-node=""10,1,0""><b data-path-to-node=""10,1,0"" data-index-in-node=""0"">The Detail:</b> Large contrast white satin-finish bow on the back.</p>\n</li>\n 	<li>\n<p data-path-to-node=""10,2,0""><b data-path-to-node=""10,2,0"" data-index-in-node=""0"">The Cut:</b> Open-back style with a stylish split-side hem for a flattering fit.</p>\n</li>\n 	<li>\n<p data-path-to-node=""10,3,0""><b data-path-to-node=""10,3,0"" data-index-in-node=""0"">Fabric:</b> Premium, breathable stretch-knit (soft against the skin).</p>\n</li>\n 	<li>\n<p data-path-to-node=""10,4,0""><b data-path-to-node=""10,4,0"" data-index-in-node=""0"">Occasion:</b> Perfect for date nights, holiday parties, or semi-formal events.</p>\n\n<h2 data-path-to-node=""15""><b data-path-to-node=""15"" data-index-in-node=""0"">Styling Tips</b></h2>\n<ol start=""1"" data-path-to-node=""16"">\n 	<li>\n<p data-path-to-node=""16,0,0""><b data-path-to-node=""16,0,0"" data-index-in-node=""0"">The Edgy Look:</b> Pair with high-waisted faux leather pants and pointed stiletto boots.</p>\n</li>\n 	<li>\n<p data-path-to-node=""16,1,0""><b data-path-to-node=""16,1,0"" data-index-in-node=""0"">The Classic Look:</b> Style with slim-fit white denim to make the back bow pop.</p>\n</li>\n 	<li>\n<p data-path-to-node=""16,2,0""><b data-path-to-node=""16,2,0"" data-index-in-node=""0"">The Accessories:</b> Keep it simple with gold hoop earrings and a sleek ponytail to ensure the back detail remains the star of the show.</p>\n</li>\n</ol>\n</li>\n</ul>",,,taxable,,1,,,0,0,,,,,0,,,,"All Clothing, Top > Crop Top, Featured, Top > Long Sleeve, migrate, New Arrivals, Top","backless bow top, Black long sleeve top with bow, contrast bow back top, elegant open back shirt, Party wear tops for women, split hem black blouse, trendy split side top, white bow detail clothing",,"https://mirayfashions.com/wp-content/uploads/2026/01/new-12c.jpg, https://mirayfashions.com/wp-content/uploads/2026/01/new-12b.jpg, https://mirayfashions.com/wp-content/uploads/2026/01/new-12a.jpg",,,,,,,,,0,,,,Size,"L, M, S, XL, XS",1,1
9419,variable,,,"Black Ribbed Coquette Top with Gingham Ruffle Hem & Bow",1,0,visible,"<p data-path-to-node=""8"">Embrace the <b data-path-to-node=""8"" data-index-in-node=""12"">coquette aesthetic</b> with this charming <b data-path-to-node=""8"" data-index-in-node=""50"">black ribbed long sleeve top</b>. Designed with a flattering <b data-path-to-node=""8"" data-index-in-node=""107"">slim fit</b> and crafted from a soft <b data-path-to-node=""8"" data-index-in-node=""140"">rib-knit fabric</b>, this piece features a delightful <b data-path-to-node=""8"" data-index-in-node=""190"">2-in-1 look</b>. The hem and cuffs are adorned with a crisp <b data-path-to-node=""8"" data-index-in-node=""246"">black and white gingham ruffle trim</b>, adding a touch of <b data-path-to-node=""8"" data-index-in-node=""301"">vintage-inspired</b> flair.</p>\n<p data-path-to-node=""9"">A delicate <b data-path-to-node=""9"" data-index-in-node=""11"">satin bow</b> at the neckline completes the look, making it the perfect choice for <b data-path-to-node=""9"" data-index-in-node=""90"">cottagecore</b> lovers and fans of <b data-path-to-node=""9"" data-index-in-node=""121"">feminine, dainty fashion</b>. Pair it with high-waisted denim or a mini skirt for a complete <b data-path-to-node=""9"" data-index-in-node=""210"">soft girl</b> outfit.</p>","<ul>\n 	<li>\n<p data-path-to-node=""16,0,0""><b data-path-to-node=""16,0,0"" data-index-in-node=""0"">Fabric:</b> Cotton-blend rib knit (breathable and stretchy).</p>\n</li>\n 	<li>\n<p data-path-to-node=""16,1,0""><b data-path-to-node=""16,1,0"" data-index-in-node=""0"">Features:</b> Contrast gingham ruffles, decorative front bow, mock layered hem.</p>\n</li>\n 	<li>\n<p data-path-to-node=""16,2,0""><b data-path-to-node=""16,2,0"" data-index-in-node=""0"">Neckline:</b> Round neck / Crew neck.</p>\n</li>\n 	<li>\n<p data-path-to-node=""16,3,0""><b data-path-to-node=""16,3,0"" data-index-in-node=""0"">Sleeve:</b> Long sleeve</p>\n</li>\n</ul>\n&nbsp;",,,taxable,,1,,,0,0,,,,,0,,,,"All Clothing, Top > Crop Top, Featured, migrate, New Arrivals, Top","Bow detail top, casual chic, Checkered trim, Coquette fashion, Cottagecore style, Date Night Outfit, Dollette, Frill cuff top, Gingham ruffle hem, Layered look, Long sleeve ribbed shirt, Preppy style, Rib-knit top, Slim Fit, Soft girl aesthetic, Vintage-inspired, Y2K Aesthetic",,"https://mirayfashions.com/wp-content/uploads/2026/01/new-11a.jpg, https://mirayfashions.com/wp-content/uploads/2026/01/new-11b.jpg, https://mirayfashions.com/wp-content/uploads/2026/01/new-11c.jpg",,,,,,,,,0,,,,Size,"L, M, S, XL, XS",1,1
9421,variable,,,"Navy Blue Sweetheart Neck Ruched Top with Flare Sleeves",1,0,visible,"<p data-path-to-node=""3"">Elevate your wardrobe with this stunning <b data-path-to-node=""3"" data-index-in-node=""41"">Navy Blue Sweetheart Neck Top</b>, a perfect blend of romantic charm and modern Y2K-inspired aesthetics. Designed to flatter your silhouette, this top features a delicate <b data-path-to-node=""3"" data-index-in-node=""208"">sweetheart neckline</b> and a <b data-path-to-node=""3"" data-index-in-node=""234"">ruched bust</b> that adds a touch of feminine elegance to any look.</p>\n<p data-path-to-node=""4"">The standout <b data-path-to-node=""4"" data-index-in-node=""13"">long flare sleeves</b> (bell sleeves) provide a dramatic yet sophisticated vibe, making it an ideal choice for everything from casual brunch dates to evening parties. Crafted from soft, breathable fabric with a hint of stretch, it ensures all-day comfort without compromising on style.</p>","<h3 data-path-to-node=""5""><b data-path-to-node=""5"" data-index-in-node=""0"">Product Highlights:</b></h3>\n<ul data-path-to-node=""6"">\n 	<li>\n<p data-path-to-node=""6,0,0""><b data-path-to-node=""6,0,0"" data-index-in-node=""0"">Neckline:</b> Flattering Sweetheart Neck for a romantic, contoured look.</p>\n</li>\n 	<li>\n<p data-path-to-node=""6,1,0""><b data-path-to-node=""6,1,0"" data-index-in-node=""0"">Detailing:</b> Ruched center-bust design to enhance your natural silhouette.</p>\n</li>\n 	<li>\n<p data-path-to-node=""6,2,0""><b data-path-to-node=""6,2,0"" data-index-in-node=""0"">Sleeves:</b> Trendy Flare Sleeves (Bell Sleeves) for a vintage-meets-modern appeal.</p>\n</li>\n 	<li>\n<p data-path-to-node=""6,3,0""><b data-path-to-node=""6,3,0"" data-index-in-node=""0"">Color:</b> Rich Navy Blue—a versatile classic that pairs with anything.</p>\n</li>\n 	<li>\n<p data-path-to-node=""6,4,0""><b data-path-to-node=""6,4,0"" data-index-in-node=""0"">Fit:</b> Slim-fit bodice that hits at the perfect length for high-waisted jeans or skirts.</p>\n\n<h3 data-path-to-node=""7""><b data-path-to-node=""7"" data-index-in-node=""0"">Style Tips:</b></h3>\n<ul data-path-to-node=""8"">\n 	<li>\n<p data-path-to-node=""8,0,0""><b data-path-to-node=""8,0,0"" data-index-in-node=""0"">The Chic Look:</b> Pair it with high-waisted white trousers and gold hoops for a sophisticated contrast.</p>\n</li>\n 	<li>\n<p data-path-to-node=""8,1,0""><b data-path-to-node=""8,1,0"" data-index-in-node=""0"">The Y2K Vibe:</b> Match with a denim mini skirt and chunky boots to embrace the retro aesthetic.</p>\n</li>\n 	<li>\n<p data-path-to-node=""8,2,0""><b data-path-to-node=""8,2,0"" data-index-in-node=""0"">The Evening Edge:</b> Style with black leather pants and strappy heels for a night out.</p>\n</li>\n</ul>\n</li>\n</ul>\n&nbsp;",,,taxable,,1,,,0,0,,,,,0,,,,"All Clothing, Featured, migrate, New Arrivals, Top","Bell Sleeve, bell sleeve top, casual chic, Date Night Outfit, elegant flare sleeve., evening wear, Fall Fashion, feminine blouse, Flare Sleeve, flare sleeves, long sleeve flare top, Navy Blue, navy blue rib knit, Navy blue top, New Arrivals, party wear top, romantic style blouse, ruched, ruched bust, ruched front top, Slim Fit, slim fit top, stylish navy blue shirt, Sweetheart Neck, sweetheart neck long sleeve, sweetheart neckline, trendy navy top, Winter Styles, Women's Clothing, women's navy blouse, Y2K fashion",,"https://mirayfashions.com/wp-content/uploads/2026/01/new-7a.jpg, https://mirayfashions.com/wp-content/uploads/2026/01/new-7b.jpg, https://mirayfashions.com/wp-content/uploads/2026/01/new-7c.jpg",,,,,,,,,0,,,,Size,"L, M, S, XL, XS",1,1
9423,variable,,,"Black Sweetheart Neck Ruched Top with Flare Sleeves",1,0,visible,"<p data-path-to-node=""3"">Elevate your wardrobe with this stunning Black<b data-path-to-node=""3"" data-index-in-node=""41""> Sweetheart Neck Top</b>, a perfect blend of romantic charm and modern Y2K-inspired aesthetics. Designed to flatter your silhouette, this top features a delicate <b data-path-to-node=""3"" data-index-in-node=""208"">sweetheart neckline</b> and a <b data-path-to-node=""3"" data-index-in-node=""234"">ruched bust</b> that adds a touch of feminine elegance to any look.</p>\n<p data-path-to-node=""4"">The standout <b data-path-to-node=""4"" data-index-in-node=""13"">long flare sleeves</b> (bell sleeves) provide a dramatic yet sophisticated vibe, making it an ideal choice for everything from casual brunch dates to evening parties. Crafted from soft, breathable fabric with a hint of stretch, it ensures all-day comfort without compromising on style.</p>","<h3 data-path-to-node=""5""><b data-path-to-node=""5"" data-index-in-node=""0"">Product Highlights:</b></h3>\n<ul data-path-to-node=""6"">\n 	<li>\n<p data-path-to-node=""6,0,0""><b data-path-to-node=""6,0,0"" data-index-in-node=""0"">Neckline:</b> Flattering Sweetheart Neck for a romantic, contoured look.</p>\n</li>\n 	<li>\n<p data-path-to-node=""6,1,0""><b data-path-to-node=""6,1,0"" data-index-in-node=""0"">Detailing:</b> Ruched center-bust design to enhance your natural silhouette.</p>\n</li>\n 	<li>\n<p data-path-to-node=""6,2,0""><b data-path-to-node=""6,2,0"" data-index-in-node=""0"">Sleeves:</b> Trendy Flare Sleeves (Bell Sleeves) for a vintage-meets-modern appeal.</p>\n</li>\n 	<li>\n<p data-path-to-node=""6,3,0""><b data-path-to-node=""6,3,0"" data-index-in-node=""0"">Color:</b> Rich black —a versatile classic that pairs with anything.</p>\n</li>\n 	<li>\n<p data-path-to-node=""6,4,0""><b data-path-to-node=""6,4,0"" data-index-in-node=""0"">Fit:</b> Slim-fit bodice that hits at the perfect length for high-waisted jeans or skirts.</p>\n</li>\n 	<li>\n<p data-path-to-node=""6,5,0""><b data-path-to-node=""6,5,0"" data-index-in-node=""0"">Occasion:</b> Versatile enough for date nights, parties, or elevated daily wear.</p>\n</li>\n</ul>\n<h3 data-path-to-node=""7""><b data-path-to-node=""7"" data-index-in-node=""0"">Style Tips:</b></h3>\n<ul data-path-to-node=""8"">\n 	<li>\n<p data-path-to-node=""8,0,0""><b data-path-to-node=""8,0,0"" data-index-in-node=""0"">The Chic Look:</b> Pair it with high-waisted white trousers and gold hoops for a sophisticated contrast.</p>\n</li>\n 	<li>\n<p data-path-to-node=""8,1,0""><b data-path-to-node=""8,1,0"" data-index-in-node=""0"">The Y2K Vibe:</b> Match with a denim mini skirt and chunky boots to embrace the retro aesthetic.</p>\n</li>\n 	<li>\n<p data-path-to-node=""8,2,0""><b data-path-to-node=""8,2,0"" data-index-in-node=""0"">The Evening Edge:</b> Style with black leather pants and strappy heels for a night out.</p>\n</li>\n</ul>",,,taxable,,1,,,0,0,,,,,0,,,,"All Clothing, Featured, Top > Long Sleeve, migrate, New Arrivals, Top","All Black Outfit., Basics, Bell Sleeve, black, black bell sleeve shirt, black flare sleeve top, black ribbed top, black romantic top, Black sweetheart neck top, elegant black evening top, evening wear, Fall Fashion, Flare Sleeve, form-fitting black shirt., gothic chic blouse, minimalist black top, Noir Style, party wear black blouse, ruched, ruched bust blouse, ruched front aesthetic, Slim Fit, slim fit black top, Sweetheart Neck, sweetheart neckline long sleeve, trendy flare sleeve, Wardrobe Staple, women's black fashion top, Women's Clothing, Y2K black top",,"https://mirayfashions.com/wp-content/uploads/2026/01/new-8a.jpg, https://mirayfashions.com/wp-content/uploads/2026/01/new-8b.jpg, https://mirayfashions.com/wp-content/uploads/2026/01/new-8c.jpg",,,,,,,,,0,,,,Size,"L, M, S, XL, XS",1,1
9273,variation,,,"Set of 2: Ruched Tank Top & Knotted Ruched Split Maxi Skirt - XS",1,0,visible,,,,,taxable,parent,1,,,0,0,,,,,0,,1299,1599,,,,,,,id:9266,,,,,,1,,,"{""gallery_source"":""default"",""images"":[]}",Size,XS,,1
9274,variation,,,"Set of 2: Ruched Tank Top & Knotted Ruched Split Maxi Skirt - S",1,0,visible,,,,,taxable,parent,1,,,0,0,,,,,0,,1299,1599,,,,,,,id:9266,,,,,,2,,,"{""gallery_source"":""default"",""images"":[]}",Size,S,,1
9275,variation,,,"Set of 2: Ruched Tank Top & Knotted Ruched Split Maxi Skirt - M",1,0,visible,,,,,taxable,parent,1,,,0,0,,,,,0,,1299,1599,,,,,,,id:9266,,,,,,3,,,"{""gallery_source"":""default"",""images"":[]}",Size,M,,1
9276,variation,,,"Set of 2: Ruched Tank Top & Knotted Ruched Split Maxi Skirt - L",1,0,visible,,,,,taxable,parent,1,,,0,0,,,,,0,,1299,1599,,,,,,,id:9266,,,,,,4,,,"{""gallery_source"":""default"",""images"":[]}",Size,L,,1
9277,variation,,,"Set of 2: Ruched Tank Top & Knotted Ruched Split Maxi Skirt - XL",1,0,visible,,,,,taxable,parent,1,,,0,0,,,,,0,,1299,1599,,,,,,,id:9266,,,,,,5,,,"{""gallery_source"":""default"",""images"":[]}",Size,XL,,1
9312,variation,,,"Boat Neck Solid Ruched Split Maxi Dress - S",1,0,visible,,,,,taxable,parent,1,,,0,0,,,,,0,,1599,2499,,,,,,,id:9280,,,,,,2,,,,Size,S,,1
9313,variation,,,"Boat Neck Solid Ruched Split Maxi Dress - M",1,0,visible,,,,,taxable,parent,1,,,0,0,,,,,0,,1599,2499,,,,,,,id:9280,,,,,,3,,,,Size,M,,1
9314,variation,,,"Boat Neck Solid Ruched Split Maxi Dress - L",1,0,visible,,,,,taxable,parent,1,,,0,0,,,,,0,,1599,2499,,,,,,,id:9280,,,,,,4,,,,Size,L,,1
9315,variation,,,"Boat Neck Solid Ruched Split Maxi Dress - XL",1,0,visible,,,,,taxable,parent,1,,,0,0,,,,,0,,1599,2499,,,,,,,id:9280,,,,,,5,,,,Size,XL,,1
9311,variation,,,"Boat Neck Solid Ruched Split Maxi Dress - XS",1,0,visible,,,,,taxable,parent,1,,,0,0,,,,,0,,1599,2499,,,,,,,id:9280,,,,,,1,,,,Size,XS,,1
9324,variation,,,"Pack Of 2 : Solid Ruched Square Neck Crop Top - XS",1,0,visible,,,,,taxable,parent,1,,,0,0,,,,,0,,699,999,,,,,,,id:9303,,,,,,1,,,"{""gallery_source"":""default"",""images"":[]}",Size,XS,,1
9325,variation,,,"Pack Of 2 : Solid Ruched Square Neck Crop Top - S",1,0,visible,,,,,taxable,parent,1,,,0,0,,,,,0,,699,999,,,,,,,id:9303,,,,,,2,,,"{""gallery_source"":""default"",""images"":[]}",Size,S,,1
9326,variation,,,"Pack Of 2 : Solid Ruched Square Neck Crop Top - M",1,0,visible,,,,,taxable,parent,1,,,0,0,,,,,0,,699,999,,,,,,,id:9303,,,,,,3,,,"{""gallery_source"":""default"",""images"":[]}",Size,M,,1
9327,variation,,,"Pack Of 2 : Solid Ruched Square Neck Crop Top - L",1,0,visible,,,,,taxable,parent,1,,,0,0,,,,,0,,699,999,,,,,,,id:9303,,,,,,4,,,"{""gallery_source"":""default"",""images"":[]}",Size,L,,1
9328,variation,,,"Pack Of 2 : Solid Ruched Square Neck Crop Top - XL",1,0,visible,,,,,taxable,parent,1,,,0,0,,,,,0,,699,999,,,,,,,id:9303,,,,,,5,,,"{""gallery_source"":""default"",""images"":[]}",Size,XL,,1
9316,variation,,,"Women's Off-Shoulder Asymmetrical Ribbed Top - Elegant Cream Side-Tie Blouse - XS",1,0,visible,,,,,taxable,parent,1,,,0,0,,,,,0,,599,999,,,,,,,id:9310,,,,,,1,,,"{""gallery_source"":""default"",""images"":[]}",Size,XS,,1
9317,variation,,,"Women's Off-Shoulder Asymmetrical Ribbed Top - Elegant Cream Side-Tie Blouse - S",1,0,visible,,,,,taxable,parent,1,,,0,0,,,,,0,,599,999,,,,,,,id:9310,,,,,,2,,,"{""gallery_source"":""default"",""images"":[]}",Size,S,,1
9318,variation,,,"Women's Off-Shoulder Asymmetrical Ribbed Top - Elegant Cream Side-Tie Blouse - M",1,0,visible,,,,,taxable,parent,1,,,0,0,,,,,0,,599,999,,,,,,,id:9310,,,,,,3,,,"{""gallery_source"":""default"",""images"":[]}",Size,M,,1
9319,variation,,,"Women's Off-Shoulder Asymmetrical Ribbed Top - Elegant Cream Side-Tie Blouse - L",1,0,visible,,,,,taxable,parent,1,,,0,0,,,,,0,,599,999,,,,,,,id:9310,,,,,,4,,,"{""gallery_source"":""default"",""images"":[]}",Size,L,,1
9320,variation,,,"Women's Off-Shoulder Asymmetrical Ribbed Top - Elegant Cream Side-Tie Blouse - XL",1,0,visible,,,,,taxable,parent,1,,,0,0,,,,,0,,599,999,,,,,,,id:9310,,,,,,5,,,"{""gallery_source"":""default"",""images"":[]}",Size,XL,,1
9335,variation,,,"Pack Of 2: Round Neck Solid Ruched Crop Tank Top - XS",1,0,visible,,,,,taxable,parent,1,,,0,0,,,,,0,,999,1999,,,,,,,id:9329,,,,,,1,,,"{""gallery_source"":""default"",""images"":[]}",Size,XS,,1
9336,variation,,,"Pack Of 2: Round Neck Solid Ruched Crop Tank Top - S",1,0,visible,,,,,taxable,parent,1,,,0,0,,,,,0,,999,1999,,,,,,,id:9329,,,,,,2,,,"{""gallery_source"":""default"",""images"":[]}",Size,S,,1
9337,variation,,,"Pack Of 2: Round Neck Solid Ruched Crop Tank Top - M",1,0,visible,,,,,taxable,parent,1,,,0,0,,,,,0,,999,1999,,,,,,,id:9329,,,,,,3,,,"{""gallery_source"":""default"",""images"":[]}",Size,M,,1
9338,variation,,,"Pack Of 2: Round Neck Solid Ruched Crop Tank Top - L",1,0,visible,,,,,taxable,parent,1,,,0,0,,,,,0,,999,1999,,,,,,,id:9329,,,,,,4,,,"{""gallery_source"":""default"",""images"":[]}",Size,L,,1
9339,variation,,,"Pack Of 2: Round Neck Solid Ruched Crop Tank Top - XL",1,0,visible,,,,,taxable,parent,1,,,0,0,,,,,0,,999,1999,,,,,,,id:9329,,,,,,5,,,"{""gallery_source"":""default"",""images"":[]}",Size,XL,,1
9353,variation,,,"Women’s Black Sweetheart Neck Ruched Front Crop Top - Chic Cap Sleeve Slim Fit Tee - 999",1,0,visible,,,,,taxable,parent,1,,,0,0,,,,,0,,699,999,,,,,,,id:9352,,,,,,1,,,,Size,999,,1
9354,variation,,,"Women’s Black Sweetheart Neck Ruched Front Crop Top - Chic Cap Sleeve Slim Fit Tee - XS",1,0,visible,,,,,taxable,parent,1,,,0,0,,,,,0,,699,999,,,,,,,id:9352,,,,,,2,,,,Size,XS,,1
9355,variation,,,"Women’s Black Sweetheart Neck Ruched Front Crop Top - Chic Cap Sleeve Slim Fit Tee - S",1,0,visible,,,,,taxable,parent,1,,,0,0,,,,,0,,699,999,,,,,,,id:9352,,,,,,3,,,,Size,S,,1
9356,variation,,,"Women’s Black Sweetheart Neck Ruched Front Crop Top - Chic Cap Sleeve Slim Fit Tee - M",1,0,visible,,,,,taxable,parent,1,,,0,0,,,,,0,,699,999,,,,,,,id:9352,,,,,,4,,,,Size,M,,1
9357,variation,,,"Women’s Black Sweetheart Neck Ruched Front Crop Top - Chic Cap Sleeve Slim Fit Tee - L",1,0,visible,,,,,taxable,parent,1,,,0,0,,,,,0,,699,999,,,,,,,id:9352,,,,,,5,,,,Size,L,,1
9358,variation,,,"Women’s Black Sweetheart Neck Ruched Front Crop Top - Chic Cap Sleeve Slim Fit Tee - XL",1,0,visible,,,,,taxable,parent,1,,,0,0,,,,,0,,699,999,,,,,,,id:9352,,,,,,6,,,,Size,XL,,1
9472,variation,,,"Black Sleeveless Bow Tie Shoulder Tank Top - M",1,0,visible,,,,,taxable,parent,1,,,0,0,,,,,0,,599,999,,,,,,,id:9360,,,,,,3,,,"{""gallery_source"":""default"",""images"":[]}",Size,M,,1
9473,variation,,,"Black Sleeveless Bow Tie Shoulder Tank Top - L",1,0,visible,,,,,taxable,parent,1,,,0,0,,,,,0,,599,999,,,,,,,id:9360,,,,,,4,,,"{""gallery_source"":""default"",""images"":[]}",Size,L,,1
9474,variation,,,"Black Sleeveless Bow Tie Shoulder Tank Top - XL",1,0,visible,,,,,taxable,parent,1,,,0,0,,,,,0,,599,999,,,,,,,id:9360,,,,,,5,,,"{""gallery_source"":""default"",""images"":[]}",Size,XL,,1
9470,variation,,,"Black Sleeveless Bow Tie Shoulder Tank Top - XS",1,0,visible,,,,,taxable,parent,1,,,0,0,,,,,0,,599,999,,,,,,,id:9360,,,,,,1,,,"{""gallery_source"":""default"",""images"":[]}",Size,XS,,1
9471,variation,,,"Black Sleeveless Bow Tie Shoulder Tank Top - S",1,0,visible,,,,,taxable,parent,1,,,0,0,,,,,0,,599,999,,,,,,,id:9360,,,,,,2,,,"{""gallery_source"":""default"",""images"":[]}",Size,S,,1
9469,variation,,,"Midnight Navy Ruched Bodycon Maxi Dress - XL",1,0,visible,,,,,taxable,parent,1,,,0,0,,,,,0,,999,1499,,,,,,,id:9407,,,,,,5,,,"{""gallery_source"":""default"",""images"":[]}",Size,XL,,1
9465,variation,,,"Midnight Navy Ruched Bodycon Maxi Dress - XS",1,0,visible,,,,,taxable,parent,1,,,0,0,,,,,0,,999,1499,,,,,,,id:9407,,,,,,1,,,"{""gallery_source"":""default"",""images"":[]}",Size,XS,,1
9466,variation,,,"Midnight Navy Ruched Bodycon Maxi Dress - S",1,0,visible,,,,,taxable,parent,1,,,0,0,,,,,0,,999,1499,,,,,,,id:9407,,,,,,2,,,"{""gallery_source"":""default"",""images"":[]}",Size,S,,1
9467,variation,,,"Midnight Navy Ruched Bodycon Maxi Dress - M",1,0,visible,,,,,taxable,parent,1,,,0,0,,,,,0,,999,1499,,,,,,,id:9407,,,,,,3,,,"{""gallery_source"":""default"",""images"":[]}",Size,M,,1
9468,variation,,,"Midnight Navy Ruched Bodycon Maxi Dress - L",1,0,visible,,,,,taxable,parent,1,,,0,0,,,,,0,,999,1499,,,,,,,id:9407,,,,,,4,,,"{""gallery_source"":""default"",""images"":[]}",Size,L,,1
9460,variation,,,"Black Ruched Bodycon Maxi Dress - XS",1,0,visible,,,,,taxable,parent,1,,,0,0,,,,,0,,999,1499,,,,,,,id:9409,,,,,,1,,,,Size,XS,,1
9461,variation,,,"Black Ruched Bodycon Maxi Dress - S",1,0,visible,,,,,taxable,parent,1,,,0,0,,,,,0,,999,1499,,,,,,,id:9409,,,,,,2,,,,Size,S,,1
9462,variation,,,"Black Ruched Bodycon Maxi Dress - M",1,0,visible,,,,,taxable,parent,1,,,0,0,,,,,0,,999,1499,,,,,,,id:9409,,,,,,3,,,,Size,M,,1
9463,variation,,,"Black Ruched Bodycon Maxi Dress - L",1,0,visible,,,,,taxable,parent,1,,,0,0,,,,,0,,999,1499,,,,,,,id:9409,,,,,,4,,,,Size,L,,1
9464,variation,,,"Black Ruched Bodycon Maxi Dress - XL",1,0,visible,,,,,taxable,parent,1,,,0,0,,,,,0,,999,1499,,,,,,,id:9409,,,,,,5,,,,Size,XL,,1
9456,variation,,,"Pink Rose Print Square Neck Maxi Dress - S",1,0,visible,,,,,taxable,parent,1,,,0,0,,,,,0,,1599,1999,,,,,,,id:9411,,,,,,2,,,,Size,S,,1
9457,variation,,,"Pink Rose Print Square Neck Maxi Dress - M",1,0,visible,,,,,taxable,parent,1,,,0,0,,,,,0,,1599,1999,,,,,,,id:9411,,,,,,3,,,,Size,M,,1
9458,variation,,,"Pink Rose Print Square Neck Maxi Dress - L",1,0,visible,,,,,taxable,parent,1,,,0,0,,,,,0,,1599,1999,,,,,,,id:9411,,,,,,4,,,,Size,L,,1
9459,variation,,,"Pink Rose Print Square Neck Maxi Dress - XL",1,0,visible,,,,,taxable,parent,1,,,0,0,,,,,0,,1599,1999,,,,,,,id:9411,,,,,,5,,,,Size,XL,,1
9455,variation,,,"Pink Rose Print Square Neck Maxi Dress - XS",1,0,visible,,,,,taxable,parent,1,,,0,0,,,,,0,,1599,1999,,,,,,,id:9411,,,,,,1,,,,Size,XS,,1
9450,variation,,,"The Midnight Muse Ruched Maxi Dress - XS",1,0,visible,,,,,taxable,parent,1,,,0,0,,,,,0,,1599,1999,,,,,,,id:9413,,,,,,1,,,"{""gallery_source"":""default"",""images"":[]}",Size,XS,,1
9451,variation,,,"The Midnight Muse Ruched Maxi Dress - S",1,0,visible,,,,,taxable,parent,1,,,0,0,,,,,0,,1599,1999,,,,,,,id:9413,,,,,,2,,,"{""gallery_source"":""default"",""images"":[]}",Size,S,,1
9452,variation,,,"The Midnight Muse Ruched Maxi Dress - M",1,0,visible,,,,,taxable,parent,1,,,0,0,,,,,0,,1599,1999,,,,,,,id:9413,,,,,,3,,,"{""gallery_source"":""default"",""images"":[]}",Size,M,,1
9453,variation,,,"The Midnight Muse Ruched Maxi Dress - L",1,0,visible,,,,,taxable,parent,1,,,0,0,,,,,0,,1599,1999,,,,,,,id:9413,,,,,,4,,,"{""gallery_source"":""default"",""images"":[]}",Size,L,,1
9454,variation,,,"The Midnight Muse Ruched Maxi Dress - XL",1,0,visible,,,,,taxable,parent,1,,,0,0,,,,,0,,1599,1999,,,,,,,id:9413,,,,,,5,,,"{""gallery_source"":""default"",""images"":[]}",Size,XL,,1
9445,variation,,,"Pearl White Ruched Maxi Dress - XS",1,0,visible,,,,,taxable,parent,1,,,0,0,,,,,0,,1599,1999,,,,,,,id:9415,,,,,,1,,,"{""gallery_source"":""default"",""images"":[]}",Size,XS,,1
9446,variation,,,"Pearl White Ruched Maxi Dress - S",1,0,visible,,,,,taxable,parent,1,,,0,0,,,,,0,,1599,1999,,,,,,,id:9415,,,,,,2,,,"{""gallery_source"":""default"",""images"":[]}",Size,S,,1
9447,variation,,,"Pearl White Ruched Maxi Dress - M",1,0,visible,,,,,taxable,parent,1,,,0,0,,,,,0,,1599,1999,,,,,,,id:9415,,,,,,3,,,"{""gallery_source"":""default"",""images"":[]}",Size,M,,1
9448,variation,,,"Pearl White Ruched Maxi Dress - L",1,0,visible,,,,,taxable,parent,1,,,0,0,,,,,0,,1599,1999,,,,,,,id:9415,,,,,,4,,,"{""gallery_source"":""default"",""images"":[]}",Size,L,,1
9449,variation,,,"Pearl White Ruched Maxi Dress - XL",1,0,visible,,,,,taxable,parent,1,,,0,0,,,,,0,,1599,1999,,,,,,,id:9415,,,,,,5,,,"{""gallery_source"":""default"",""images"":[]}",Size,XL,,1
9440,variation,,,"Long-Sleeve Black Top With Contrast White Oversized Bow - XS",1,0,visible,,,,,taxable,parent,1,,,0,0,,,,,0,,649,999,,,,,,,id:9417,,,,,,1,,,,Size,XS,,1
9441,variation,,,"Long-Sleeve Black Top With Contrast White Oversized Bow - S",1,0,visible,,,,,taxable,parent,1,,,0,0,,,,,0,,649,999,,,,,,,id:9417,,,,,,2,,,,Size,S,,1
9442,variation,,,"Long-Sleeve Black Top With Contrast White Oversized Bow - M",1,0,visible,,,,,taxable,parent,1,,,0,0,,,,,0,,649,999,,,,,,,id:9417,,,,,,3,,,,Size,M,,1
9443,variation,,,"Long-Sleeve Black Top With Contrast White Oversized Bow - L",1,0,visible,,,,,taxable,parent,1,,,0,0,,,,,0,,649,999,,,,,,,id:9417,,,,,,4,,,,Size,L,,1
9444,variation,,,"Long-Sleeve Black Top With Contrast White Oversized Bow - XL",1,0,visible,,,,,taxable,parent,1,,,0,0,,,,,0,,649,999,,,,,,,id:9417,,,,,,5,,,,Size,XL,,1
9435,variation,,,"Black Ribbed Coquette Top with Gingham Ruffle Hem & Bow - XS",1,0,visible,,,,,taxable,parent,1,,,0,0,,,,,0,,599,999,,,,,,,id:9419,,,,,,1,,,,Size,XS,,1
9436,variation,,,"Black Ribbed Coquette Top with Gingham Ruffle Hem & Bow - S",1,0,visible,,,,,taxable,parent,1,,,0,0,,,,,0,,599,999,,,,,,,id:9419,,,,,,2,,,,Size,S,,1
9437,variation,,,"Black Ribbed Coquette Top with Gingham Ruffle Hem & Bow - M",1,0,visible,,,,,taxable,parent,1,,,0,0,,,,,0,,599,999,,,,,,,id:9419,,,,,,3,,,,Size,M,,1
9438,variation,,,"Black Ribbed Coquette Top with Gingham Ruffle Hem & Bow - L",1,0,visible,,,,,taxable,parent,1,,,0,0,,,,,0,,599,999,,,,,,,id:9419,,,,,,4,,,,Size,L,,1
9439,variation,,,"Black Ribbed Coquette Top with Gingham Ruffle Hem & Bow - XL",1,0,visible,,,,,taxable,parent,1,,,0,0,,,,,0,,599,999,,,,,,,id:9419,,,,,,5,,,,Size,XL,,1
9430,variation,,,"Navy Blue Sweetheart Neck Ruched Top with Flare Sleeves - XS",1,0,visible,,,,,taxable,parent,1,,,0,0,,,,,0,,599,999,,,,,,,id:9421,,,,,,1,,,,Size,XS,,1
9431,variation,,,"Navy Blue Sweetheart Neck Ruched Top with Flare Sleeves - S",1,0,visible,,,,,taxable,parent,1,,,0,0,,,,,0,,599,999,,,,,,,id:9421,,,,,,2,,,,Size,S,,1
9432,variation,,,"Navy Blue Sweetheart Neck Ruched Top with Flare Sleeves - M",1,0,visible,,,,,taxable,parent,1,,,0,0,,,,,0,,599,999,,,,,,,id:9421,,,,,,3,,,,Size,M,,1
9433,variation,,,"Navy Blue Sweetheart Neck Ruched Top with Flare Sleeves - L",1,0,visible,,,,,taxable,parent,1,,,0,0,,,,,0,,599,999,,,,,,,id:9421,,,,,,4,,,,Size,L,,1
9434,variation,,,"Navy Blue Sweetheart Neck Ruched Top with Flare Sleeves - XL",1,0,visible,,,,,taxable,parent,1,,,0,0,,,,,0,,599,999,,,,,,,id:9421,,,,,,5,,,,Size,XL,,1
9426,variation,,,"Black Sweetheart Neck Ruched Top with Flare Sleeves - S",1,0,visible,,,,,taxable,parent,1,,,0,0,,,,,0,,699,1299,,,,,,,id:9423,,,,,,2,,,,Size,S,,1
9427,variation,,,"Black Sweetheart Neck Ruched Top with Flare Sleeves - M",1,0,visible,,,,,taxable,parent,1,,,0,0,,,,,0,,699,1299,,,,,,,id:9423,,,,,,3,,,,Size,M,,1
9428,variation,,,"Black Sweetheart Neck Ruched Top with Flare Sleeves - L",1,0,visible,,,,,taxable,parent,1,,,0,0,,,,,0,,699,1299,,,,,,,id:9423,,,,,,4,,,,Size,L,,1
9429,variation,,,"Black Sweetheart Neck Ruched Top with Flare Sleeves - XL",1,0,visible,,,,,taxable,parent,1,,,0,0,,,,,0,,699,1299,,,,,,,id:9423,,,,,,5,,,,Size,XL,,1
9425,variation,,,"Black Sweetheart Neck Ruched Top with Flare Sleeves - XS",1,0,visible,,,,,taxable,parent,1,,,0,0,,,,,0,,699,1299,,,,,,,id:9423,,,,,,1,,"[]",,Size,XS,,1
