Order ID,Order Delivered Date
MIRAY-000521,03-03-2026 13:25
MIRAY-000515,04-03-2026 11:48
MIRAY-000549,03-03-2026 11:47
MIRAY-000501,03-03-2026 13:47
MIRAY-000501,03-03-2026 13:47
MIRAY-000585,03-03-2026 12:52
5549016406,03-03-2026 13:53
MIRAY-000542,02-03-2026 20:15
MIRAY-000540,02-03-2026 10:37
MIRAY-000535,28-02-2026 17:02
MIRAY-000536,02-03-2026 09:19
MIRAY-000511,02-03-2026 10:02
MIRAY-000478,28-02-2026 11:53
MIRAY-000454,02-03-2026 11:51
MIRAY-000446,03-03-2026 13:23
MIRAY-000390,03-03-2026 16:20
MIRAY-000428,04-03-2026 14:22
MIRAY-000391,03-03-2026 14:47
MIRAY-000380,28-02-2026 12:57
MIRAY-000541,01-03-2026 13:30
6732643523,01-03-2026 12:28
MIRAY-000523,01-03-2026 18:50
MIRAY-000485,02-03-2026 14:02
MIRAY-000490,28-02-2026 15:20
MIRAY-000475,27-02-2026 12:04
MIRAY-000473,26-02-2026 12:29
MIRAY-000464,27-02-2026 11:57
MIRAY-000463,28-02-2026 16:38
MIRAY-000420,27-02-2026 12:09
MIRAY-000413,01-03-2026 11:37
MIRAY-000404,28-02-2026 12:36
MIRAY-000401,27-02-2026 11:18
MIRAY-000388,27-02-2026 18:32
MIRAY-000359,26-02-2026 16:59
MIRAY-000337,02-03-2026 18:22
MIRAY-000337,02-03-2026 18:22
MIRAY-000312,27-02-2026 14:23
MIRAY-000293,28-02-2026 13:50
MIRAY-000280,27-02-2026 15:37
MIRAY-000498,02-03-2026 12:56
MIRAY-000495,02-03-2026 11:13
4478172503,26-02-2026 10:13
MIRAY-000493,02-03-2026 10:02
5575292924,26-02-2026 11:27
MIRAY-000481,27-02-2026 20:06
MIRAY-000470,01-03-2026 19:50
MIRAY-000333,25-02-2026 10:57
MIRAY-000323,25-02-2026 14:13
MIRAY-000348,01-03-2026 16:06
MIRAY-000354,02-03-2026 11:34
MIRAY-000357,26-02-2026 17:01
MIRAY-000366,25-02-2026 10:22
MIRAY-000367,05-03-2026 09:53
MIRAY-000377,27-02-2026 16:41
MIRAY-000389,02-03-2026 16:59
MIRAY-000399,01-03-2026 13:02
MIRAY-000400,01-03-2026 17:55
MIRAY-000431,02-03-2026 12:10
MIRAY-000289,26-02-2026 11:12
MIRAY-000269,25-02-2026 12:47
MIRAY-000199,26-02-2026 12:22
MIRAY-000452,28-02-2026 12:09
MIRAY-000419,25-02-2026 19:07
5293675997,22-02-2026 11:31
MIRAY-000416,01-03-2026 13:19
MIRAY-000415,22-02-2026 13:24
MIRAY-000411,24-02-2026 16:01
MIRAY-000409,04-03-2026 09:18
MIRAY-000395,25-02-2026 15:12
MIRAY-000374,23-02-2026 16:29
MIRAY-000346,24-02-2026 12:05
MIRAY-000297,27-02-2026 15:03
MIRAY-000342,24-02-2026 11:00
MIRAY-000378,27-02-2026 11:39
MIRAY-000376,24-02-2026 10:49
MIRAY-000341,22-02-2026 14:09
MIRAY-000318,21-02-2026 13:09
MIRAY-000311,20-02-2026 16:38
MIRAY-000292,28-02-2026 14:06
MIRAY-000291,20-02-2026 12:57
MIRAY-000225-C,20-02-2026 11:31
MIRAY-000332,21-02-2026 17:49
MIRAY-000375,22-02-2026 13:08
MIRAY-000373,25-02-2026 18:36
MIRAY-000371,26-02-2026 15:51
MIRAY-000365,24-02-2026 13:24
8269395716,19-02-2026 13:01
MIRAY-000050-C,21-02-2026 14:20
MIRAY-000356,27-02-2026 12:00
MIRAY-000349,27-02-2026 10:54
MIRAY-000283,20-02-2026 13:14
MIRAY-000300,21-02-2026 20:40
MIRAY-000294,19-02-2026 11:52
MIRAY-000287,20-02-2026 16:14
MIRAY-000286,21-02-2026 13:10
MIRAY-000277,20-02-2026 11:26
MIRAY-000271,27-02-2026 10:58
MIRAY-000268,21-02-2026 11:23
MIRAY-000263,21-02-2026 16:28
MIRAY-000256,19-02-2026 11:24
MIRAY-000254,17-02-2026 11:29
MIRAY-000309,18-02-2026 17:02
MIRAY-000309,18-02-2026 17:02
MIRAY-000340,27-02-2026 14:05
MIRAY-000336,26-02-2026 15:57
MIRAY-000330,01-03-2026 08:41
MIRAY-000266,20-02-2026 12:15
MIRAY-000265,20-02-2026 10:56
MIRAY-000265,20-02-2026 10:56
MIRAY-000329,22-02-2026 16:37
MIRAY-000329,22-02-2026 16:37
MIRAY-000190,19-02-2026 20:01
MIRAY-000190,19-02-2026 20:01
MIRAY-000310,20-02-2026 11:04
MIRAY-000267,17-02-2026 11:11
MIRAY-000308,19-02-2026 17:48
MIRAY-000260,19-02-2026 14:19
MIRAY-000192,20-02-2026 17:01
MIRAY-000325,26-02-2026 13:17
MIRAY-000116-C,19-02-2026 14:58
MIRAY-000306,21-02-2026 17:41
MIRAY-000304,25-02-2026 12:17
MIRAY-000302,18-02-2026 13:55
MIRAY-000261,17-02-2026 20:49
MIRAY-000249,17-02-2026 16:45
MIRAY-000276,19-02-2026 17:53
MIRAY-000276,19-02-2026 17:53
MIRAY-000274,20-02-2026 12:07
MIRAY-000217,16-02-2026 15:45
MIRAY-000175,14-02-2026 15:11
MIRAY-000257,15-02-2026 11:40
MIRAY-000257,15-02-2026 11:40
MIRAY-000247,16-02-2026 16:20
MIRAY-000246,13-02-2026 18:24
MIRAY-000244,15-02-2026 15:29
MIRAY-000241,19-02-2026 18:35
MIRAY-000237,15-02-2026 16:37
MIRAY-000233,17-02-2026 15:29
MIRAY-000231,15-02-2026 10:58
MIRAY-000227,14-02-2026 13:17
MIRAY-000225,14-02-2026 19:05
MIRAY-000224,15-02-2026 11:47
MIRAY-000216,21-02-2026 15:06
MIRAY-000207,17-02-2026 10:21
MIRAY-000206,16-02-2026 10:24
MIRAY-000195,16-02-2026 11:00
MIRAY-000195,16-02-2026 11:00
MIRAY-000191,23-02-2026 10:05
MIRAY-000183,17-02-2026 16:50
MIRAY-000182,17-02-2026 18:00
MIRAY-000181,16-02-2026 20:55
MIRAY-000179,16-02-2026 14:28
MIRAY-000163,14-02-2026 14:08
MIRAY-000163,14-02-2026 14:08
MIRAY-000264,16-02-2026 19:06
MIRAY-000159,20-02-2026 14:27
MIRAY-000165,15-02-2026 11:17
MIRAY-000173,16-02-2026 14:26
MIRAY-000147-C,13-02-2026 16:51
MIRAY-000245,16-02-2026 15:53
MIRAY-000240,13-02-2026 17:55
MIRAY-000196,13-02-2026 17:12
MIRAY-000223,10-02-2026 13:22
MIRAY-000223,10-02-2026 13:22
MIRAY-000208,13-02-2026 20:17
MIRAY-000208,13-02-2026 20:17
MIRAY-000235,14-02-2026 12:31
MIRAY-000187,12-02-2026 10:27
MIRAY-000100,13-02-2026 20:15
MIRAY-000201,15-02-2026 14:19
MIRAY-000197,11-02-2026 13:33
MIRAY-000193,18-02-2026 20:15
MIRAY-000186,14-02-2026 12:33
MIRAY-000167,09-02-2026 16:53
MIRAY-000164,09-02-2026 11:50
MIRAY-000160,12-02-2026 11:52
MIRAY-000177,14-02-2026 12:58
MIRAY-000174,09-02-2026 16:36
MIRAY-000170,11-02-2026 13:44
MIRAY-000168,14-02-2026 16:55
MIRAY-000155,11-02-2026 17:09
MIRAY-000109,10-02-2026 16:58
MIRAY-000154,13-02-2026 16:47
MIRAY-000158,08-02-2026 13:50
MIRAY-000148,10-02-2026 18:05
MIRAY-000153,07-02-2026 15:26
MIRAY-000108,15-02-2026 18:20
MIRAY-000133,13-02-2026 13:01
MIRAY-000137,12-02-2026 13:41
MIRAY-000139,28-02-2026 17:30
MIRAY-000139,28-02-2026 17:30
MIRAY-000144,13-02-2026 17:07
MIRAY-000147,05-02-2026 15:07
MIRAY-000111,09-02-2026 16:59
MIRAY-000149,07-02-2026 16:32
MIRAY-000140,09-02-2026 17:22
MIRAY-000106,08-02-2026 13:13
MIRAY-000106,08-02-2026 13:13
MIRAY-000106,08-02-2026 13:13
MIRAY-000112,07-02-2026 16:38
MIRAY-000112,07-02-2026 16:38
MIRAY-000138,11-02-2026 16:01
MIRAY-000093-R1,03-02-2026 11:26
MIRAY-000101,03-02-2026 10:52
MIRAY-000124,11-02-2026 13:57
MIRAY-000125,11-02-2026 17:19
MIRAY-000125,11-02-2026 17:19
MIRAY-000126,10-02-2026 14:55
MIRAY-000129,06-02-2026 11:55
MIRAY-000130,10-02-2026 13:06
MIRAY-000116,06-02-2026 19:04
MIRAY-000063,07-02-2026 15:45
MIRAY-000131,12-02-2026 15:09
MIRAY-000131,12-02-2026 15:09
MIRAY-000128,08-02-2026 11:42
MIRAY-000128,08-02-2026 11:42
MIRAY-000123,07-02-2026 18:12
MIRAY-000102,03-02-2026 17:16
MIRAY-000110,10-02-2026 18:17
MIRAY-000104,02-02-2026 20:19
MIRAY-000016-R1,01-02-2026 15:04
MIRAY-000044-R1,04-02-2026 14:35
MIRAY-000028-R1,02-02-2026 19:00
MIRAY-000037-R1,04-02-2026 12:52
MIRAY-000027-R1,05-02-2026 12:36
MIRAY-000026-R!,03-02-2026 13:47
MIRAY-000014,03-02-2026 13:59
MIRAY-000012,31-01-2026 10:04
MIRAY-000011,06-02-2026 15:42
MIRAY-000021-R1,04-02-2026 16:53
MIRAY-000050,05-02-2026 16:22
MIRAY-000097,14-02-2026 15:32
MIRAY-000096,04-02-2026 15:39
MIRAY-000091,04-02-2026 11:51
MIRAY-000095,05-02-2026 13:16
MIRAY-000093,01-02-2026 13:28
MIRAY-000092,07-02-2026 13:31
MIRAY-000081,03-02-2026 17:54
MIRAY-000083,02-02-2026 19:01
MIRAY-000086,11-02-2026 12:51
MIRAY-000085,04-02-2026 16:46
MIRAY-000051,31-01-2026 15:01
MIRAY-000078,04-02-2026 16:52
MIRAY-000079,07-02-2026 12:04
MIRAY-000079,07-02-2026 12:04
MIRAY-000072,04-02-2026 17:16
MIRAY-000073,05-02-2026 20:01
MIRAY-000074,06-02-2026 12:32
MIRAY-000061,04-02-2026 12:48
MIRAY-000060,11-02-2026 18:38
MIRAY-000048,05-02-2026 16:12
MIRAY-000056,02-02-2026 12:31
MIRAY-000054,02-02-2026 16:47
MIRAY-000036-R1,03-02-2026 12:30
MIRAY-000067,04-02-2026 16:47
MIRAY-000067,04-02-2026 16:47
MIRAY-000067,04-02-2026 16:47
MIRAY-000062,07-02-2026 16:36
MIRAY-000053,04-02-2026 11:01
MIRAY-000053,04-02-2026 11:01
MIRAY-000047,03-02-2026 14:13
MIRAY-000041,31-01-2026 13:30
MIRAY-000042,01-02-2026 11:31
MIRAY-000034,29-01-2026 10:13
MIRAY-000022,27-01-2026 14:43
MIRAY-000032,04-02-2026 12:16
MIRAY-000032,04-02-2026 12:16
MIRAY-000033,26-01-2026 12:01
MIRAY-000024,04-02-2026 12:29
2049736914,23-01-2026 17:43
MIRAY-000018-C,22-01-2026 15:06
MIRAY-000017,26-01-2026 13:58
MIRAY-000010-C,20-01-2026 11:42
3179392968,19-01-2026 19:09
MIRAY-000009,19-01-2026 15:31
MIRAY-000007,17-01-2026 12:15
MIRAY-000008,20-01-2026 17:44
MIRAY-000004-C,17-01-2026 11:42
MIRAY-000001,15-01-2026 11:09
